{
	"textures": {
		"0": "magic:regeneration",
		"2": "magic:poison_heart/empty",
		"3": "magic:poison_heart/sideblock_2",
		"particle": "magic:regeneration"
	},
	"elements": [
		{
			"name": "heart_c",
			"from": [3.68, 1, 7],
			"to": [12.32, 9.64, 9.4],
			"faces": {
				"north": {"uv": [0, 0, 16, 16], "texture": "#0"},
				"east": {"uv": [0, 0, 10, 16], "texture": "#2"},
				"south": {"uv": [0, 0, 16, 16], "texture": "#0"},
				"west": {"uv": [0, 0, 10, 16], "texture": "#2"},
				"up": {"uv": [3, 1, 8, 16], "rotation": 90, "texture": "#2"},
				"down": {"uv": [0, 0, 10, 16], "rotation": 90, "texture": "#2"}
			}
		},
		{
			"from": [8, 1.48, 7],
			"to": [8.48, 1.96, 9.4],
			"faces": {
				"north": {"uv": [0, 0, 1, 1], "texture": "#3"},
				"east": {"uv": [0, 0, 5, 1], "texture": "#3"},
				"south": {"uv": [0, 0, 1, 1], "texture": "#3"},
				"west": {"uv": [0, 0, 5, 1], "texture": "#3"},
				"up": {"uv": [0, 0, 5, 1], "rotation": 270, "texture": "#3"},
				"down": {"uv": [0, 0, 5, 1], "rotation": 90, "texture": "#3"}
			}
		},
		{
			"from": [7.52, 1.48, 7],
			"to": [8, 1.96, 9.4],
			"faces": {
				"north": {"uv": [0, 0, 1, 1], "texture": "#3"},
				"east": {"uv": [0, 0, 5, 1], "texture": "#3"},
				"south": {"uv": [0, 0, 1, 1], "texture": "#3"},
				"west": {"uv": [0, 0, 5, 1], "texture": "#3"},
				"up": {"uv": [0, 0, 5, 1], "rotation": 270, "texture": "#3"},
				"down": {"uv": [0, 0, 5, 1], "rotation": 90, "texture": "#3"}
			}
		},
		{
			"from": [7.04, 1.96, 7],
			"to": [7.52, 2.44, 9.4],
			"faces": {
				"north": {"uv": [0, 0, 1, 1], "texture": "#3"},
				"east": {"uv": [0, 0, 5, 1], "texture": "#3"},
				"south": {"uv": [0, 0, 1, 1], "texture": "#3"},
				"west": {"uv": [0, 0, 5, 1], "texture": "#3"},
				"up": {"uv": [0, 0, 5, 1], "rotation": 270, "texture": "#3"},
				"down": {"uv": [0, 0, 5, 1], "rotation": 90, "texture": "#3"}
			}
		},
		{
			"from": [6.56, 2.44, 7],
			"to": [7.04, 2.92, 9.4],
			"faces": {
				"north": {"uv": [0, 0, 1, 1], "texture": "#3"},
				"east": {"uv": [0, 0, 5, 1], "texture": "#3"},
				"south": {"uv": [0, 0, 1, 1], "texture": "#3"},
				"west": {"uv": [0, 0, 5, 1], "texture": "#3"},
				"up": {"uv": [0, 0, 5, 1], "rotation": 270, "texture": "#3"},
				"down": {"uv": [0, 0, 5, 1], "rotation": 90, "texture": "#3"}
			}
		},
		{
			"from": [6.08, 2.92, 7],
			"to": [6.56, 3.4, 9.4],
			"faces": {
				"north": {"uv": [0, 0, 1, 1], "texture": "#3"},
				"east": {"uv": [0, 0, 5, 1], "texture": "#3"},
				"south": {"uv": [0, 0, 1, 1], "texture": "#3"},
				"west": {"uv": [0, 0, 5, 1], "texture": "#3"},
				"up": {"uv": [0, 0, 5, 1], "rotation": 270, "texture": "#3"},
				"down": {"uv": [0, 0, 5, 1], "rotation": 90, "texture": "#3"}
			}
		},
		{
			"from": [5.6, 3.4, 7],
			"to": [6.08, 3.88, 9.4],
			"faces": {
				"north": {"uv": [0, 0, 1, 1], "texture": "#3"},
				"east": {"uv": [0, 0, 5, 1], "texture": "#3"},
				"south": {"uv": [0, 0, 1, 1], "texture": "#3"},
				"west": {"uv": [0, 0, 5, 1], "texture": "#3"},
				"up": {"uv": [0, 0, 5, 1], "rotation": 270, "texture": "#3"},
				"down": {"uv": [0, 0, 5, 1], "rotation": 90, "texture": "#3"}
			}
		},
		{
			"from": [5.12, 3.88, 7],
			"to": [5.6, 4.36, 9.4],
			"faces": {
				"north": {"uv": [0, 0, 1, 1], "texture": "#3"},
				"east": {"uv": [0, 0, 5, 1], "texture": "#3"},
				"south": {"uv": [0, 0, 1, 1], "texture": "#3"},
				"west": {"uv": [0, 0, 5, 1], "texture": "#3"},
				"up": {"uv": [0, 0, 5, 1], "rotation": 270, "texture": "#3"},
				"down": {"uv": [0, 0, 5, 1], "rotation": 90, "texture": "#3"}
			}
		},
		{
			"from": [4.64, 4.36, 7],
			"to": [5.12, 4.84, 9.4],
			"faces": {
				"north": {"uv": [0, 0, 1, 1], "texture": "#3"},
				"east": {"uv": [0, 0, 5, 1], "texture": "#3"},
				"south": {"uv": [0, 0, 1, 1], "texture": "#3"},
				"west": {"uv": [0, 0, 5, 1], "texture": "#3"},
				"up": {"uv": [0, 0, 5, 1], "rotation": 270, "texture": "#3"},
				"down": {"uv": [0, 0, 5, 1], "rotation": 90, "texture": "#3"}
			}
		},
		{
			"name": "cube*3",
			"from": [4.64, 4.36, 7],
			"to": [5.12, 5.8, 9.4],
			"faces": {
				"north": {"uv": [0, 0, 1, 3], "texture": "#3"},
				"east": {"uv": [0, 0, 5, 3], "texture": "#3"},
				"south": {"uv": [0, 0, 1, 3], "texture": "#3"},
				"west": {"uv": [0, 0, 5, 3], "texture": "#3"},
				"up": {"uv": [0, 0, 5, 1], "rotation": 270, "texture": "#3"},
				"down": {"uv": [0, 0, 5, 1], "rotation": 90, "texture": "#3"}
			}
		},
		{
			"name": "cube*4",
			"from": [4.16, 5.32, 7],
			"to": [4.64, 7.24, 9.4],
			"faces": {
				"north": {"uv": [0, 0, 1, 4], "texture": "#3"},
				"east": {"uv": [0, 0, 5, 4], "texture": "#3"},
				"south": {"uv": [0, 0, 1, 4], "texture": "#3"},
				"west": {"uv": [0, 0, 5, 4], "texture": "#3"},
				"up": {"uv": [0, 0, 5, 1], "rotation": 270, "texture": "#3"},
				"down": {"uv": [0, 0, 5, 1], "rotation": 90, "texture": "#3"}
			}
		},
		{
			"from": [4.64, 7.24, 7],
			"to": [5.12, 7.72, 9.4],
			"faces": {
				"north": {"uv": [0, 0, 1, 1], "texture": "#3"},
				"east": {"uv": [0, 0, 5, 1], "texture": "#3"},
				"south": {"uv": [0, 0, 1, 1], "texture": "#3"},
				"west": {"uv": [0, 0, 5, 1], "texture": "#3"},
				"up": {"uv": [0, 0, 5, 1], "rotation": 270, "texture": "#3"},
				"down": {"uv": [0, 0, 5, 1], "rotation": 90, "texture": "#3"}
			}
		},
		{
			"from": [5.12, 7.72, 7],
			"to": [5.6, 8.2, 9.4],
			"faces": {
				"north": {"uv": [0, 0, 1, 1], "texture": "#3"},
				"east": {"uv": [0, 0, 5, 1], "texture": "#3"},
				"south": {"uv": [0, 0, 1, 1], "texture": "#3"},
				"west": {"uv": [0, 0, 5, 1], "texture": "#3"},
				"up": {"uv": [0, 0, 5, 1], "rotation": 270, "texture": "#3"},
				"down": {"uv": [0, 0, 5, 1], "rotation": 90, "texture": "#3"}
			}
		},
		{
			"name": "cube*3",
			"from": [5.6, 8.2, 7],
			"to": [7.04, 8.68, 9.4],
			"faces": {
				"north": {"uv": [0, 0, 3, 1], "texture": "#3"},
				"east": {"uv": [0, 0, 5, 1], "texture": "#3"},
				"south": {"uv": [0, 0, 3, 1], "texture": "#3"},
				"west": {"uv": [0, 0, 5, 1], "texture": "#3"},
				"up": {"uv": [0, 0, 5, 3], "rotation": 270, "texture": "#3"},
				"down": {"uv": [0, 0, 5, 3], "rotation": 90, "texture": "#3"}
			}
		},
		{
			"name": "cube*3",
			"from": [8.96, 8.2, 7],
			"to": [10.4, 8.68, 9.4],
			"faces": {
				"north": {"uv": [0, 0, 3, 1], "texture": "#3"},
				"east": {"uv": [0, 0, 5, 1], "texture": "#3"},
				"south": {"uv": [0, 0, 3, 1], "texture": "#3"},
				"west": {"uv": [0, 0, 5, 1], "texture": "#3"},
				"up": {"uv": [0, 0, 5, 3], "rotation": 270, "texture": "#3"},
				"down": {"uv": [0, 0, 5, 3], "rotation": 90, "texture": "#3"}
			}
		},
		{
			"from": [7.04, 7.72, 7],
			"to": [7.52, 8.2, 9.4],
			"faces": {
				"north": {"uv": [0, 0, 1, 1], "texture": "#3"},
				"east": {"uv": [0, 0, 5, 1], "texture": "#3"},
				"south": {"uv": [0, 0, 1, 1], "texture": "#3"},
				"west": {"uv": [0, 0, 5, 1], "texture": "#3"},
				"up": {"uv": [0, 0, 5, 1], "rotation": 270, "texture": "#3"},
				"down": {"uv": [0, 0, 5, 1], "rotation": 90, "texture": "#3"}
			}
		},
		{
			"from": [8.48, 7.72, 7],
			"to": [8.96, 8.2, 9.4],
			"faces": {
				"north": {"uv": [0, 0, 1, 1], "texture": "#3"},
				"east": {"uv": [0, 0, 5, 1], "texture": "#3"},
				"south": {"uv": [0, 0, 1, 1], "texture": "#3"},
				"west": {"uv": [0, 0, 5, 1], "texture": "#3"},
				"up": {"uv": [0, 0, 5, 1], "rotation": 270, "texture": "#3"},
				"down": {"uv": [0, 0, 5, 1], "rotation": 90, "texture": "#3"}
			}
		},
		{
			"from": [8, 7.24, 7],
			"to": [8.48, 7.72, 9.4],
			"faces": {
				"north": {"uv": [0, 0, 1, 1], "texture": "#3"},
				"east": {"uv": [0, 0, 5, 1], "texture": "#3"},
				"south": {"uv": [0, 0, 1, 1], "texture": "#3"},
				"west": {"uv": [0, 0, 5, 1], "texture": "#3"},
				"up": {"uv": [0, 0, 5, 1], "rotation": 270, "texture": "#3"},
				"down": {"uv": [0, 0, 5, 1], "rotation": 90, "texture": "#3"}
			}
		},
		{
			"from": [7.52, 7.24, 7],
			"to": [8, 7.72, 9.4],
			"faces": {
				"north": {"uv": [0, 0, 1, 1], "texture": "#3"},
				"east": {"uv": [0, 0, 5, 1], "texture": "#3"},
				"south": {"uv": [0, 0, 1, 1], "texture": "#3"},
				"west": {"uv": [0, 0, 5, 1], "texture": "#3"},
				"up": {"uv": [0, 0, 5, 1], "rotation": 270, "texture": "#3"},
				"down": {"uv": [0, 0, 5, 1], "rotation": 90, "texture": "#3"}
			}
		},
		{
			"from": [10.88, 7.24, 7],
			"to": [11.36, 7.72, 9.4],
			"faces": {
				"north": {"uv": [0, 0, 1, 1], "texture": "#3"},
				"east": {"uv": [0, 0, 5, 1], "texture": "#3"},
				"south": {"uv": [0, 0, 1, 1], "texture": "#3"},
				"west": {"uv": [0, 0, 5, 1], "texture": "#3"},
				"up": {"uv": [0, 0, 5, 1], "rotation": 270, "texture": "#3"},
				"down": {"uv": [0, 0, 5, 1], "rotation": 90, "texture": "#3"}
			}
		},
		{
			"from": [10.88, 4.36, 7],
			"to": [11.36, 4.84, 9.4],
			"faces": {
				"north": {"uv": [0, 0, 1, 1], "texture": "#3"},
				"east": {"uv": [0, 0, 5, 1], "texture": "#3"},
				"south": {"uv": [0, 0, 1, 1], "texture": "#3"},
				"west": {"uv": [0, 0, 5, 1], "texture": "#3"},
				"up": {"uv": [0, 0, 5, 1], "rotation": 270, "texture": "#3"},
				"down": {"uv": [0, 0, 5, 1], "rotation": 90, "texture": "#3"}
			}
		},
		{
			"name": "cube*5",
			"from": [11.36, 4.84, 7],
			"to": [11.84, 7.24, 9.4],
			"faces": {
				"north": {"uv": [0, 0, 1, 5], "texture": "#3"},
				"east": {"uv": [0, 0, 5, 5], "texture": "#3"},
				"south": {"uv": [0, 0, 1, 5], "texture": "#3"},
				"west": {"uv": [0, 0, 5, 5], "texture": "#3"},
				"up": {"uv": [0, 0, 5, 1], "rotation": 270, "texture": "#3"},
				"down": {"uv": [0, 0, 5, 1], "rotation": 90, "texture": "#3"}
			}
		},
		{
			"from": [10.4, 3.88, 7],
			"to": [10.88, 4.36, 9.4],
			"faces": {
				"north": {"uv": [0, 0, 1, 1], "texture": "#3"},
				"east": {"uv": [0, 0, 5, 1], "texture": "#3"},
				"south": {"uv": [0, 0, 1, 1], "texture": "#3"},
				"west": {"uv": [0, 0, 5, 1], "texture": "#3"},
				"up": {"uv": [0, 0, 5, 1], "rotation": 270, "texture": "#3"},
				"down": {"uv": [0, 0, 5, 1], "rotation": 90, "texture": "#3"}
			}
		},
		{
			"from": [9.92, 3.4, 7],
			"to": [10.4, 3.88, 9.4],
			"faces": {
				"north": {"uv": [0, 0, 1, 1], "texture": "#3"},
				"east": {"uv": [0, 0, 5, 1], "texture": "#3"},
				"south": {"uv": [0, 0, 1, 1], "texture": "#3"},
				"west": {"uv": [0, 0, 5, 1], "texture": "#3"},
				"up": {"uv": [0, 0, 5, 1], "rotation": 270, "texture": "#3"},
				"down": {"uv": [0, 0, 5, 1], "rotation": 90, "texture": "#3"}
			}
		},
		{
			"from": [9.44, 2.92, 7],
			"to": [9.92, 3.4, 9.4],
			"faces": {
				"north": {"uv": [0, 0, 1, 1], "texture": "#3"},
				"east": {"uv": [0, 0, 5, 1], "texture": "#3"},
				"south": {"uv": [0, 0, 1, 1], "texture": "#3"},
				"west": {"uv": [0, 0, 5, 1], "texture": "#3"},
				"up": {"uv": [0, 0, 5, 1], "rotation": 270, "texture": "#3"},
				"down": {"uv": [0, 0, 5, 1], "rotation": 90, "texture": "#3"}
			}
		},
		{
			"from": [8.96, 2.44, 7],
			"to": [9.44, 2.92, 9.4],
			"faces": {
				"north": {"uv": [0, 0, 1, 1], "texture": "#3"},
				"east": {"uv": [0, 0, 5, 1], "texture": "#3"},
				"south": {"uv": [0, 0, 1, 1], "texture": "#3"},
				"west": {"uv": [0, 0, 5, 1], "texture": "#3"},
				"up": {"uv": [0, 0, 5, 1], "rotation": 270, "texture": "#3"},
				"down": {"uv": [0, 0, 5, 1], "rotation": 90, "texture": "#3"}
			}
		},
		{
			"from": [8.48, 1.96, 7],
			"to": [8.96, 2.44, 9.4],
			"faces": {
				"north": {"uv": [0, 0, 1, 1], "texture": "#3"},
				"east": {"uv": [0, 0, 5, 1], "texture": "#3"},
				"south": {"uv": [0, 0, 1, 1], "texture": "#3"},
				"west": {"uv": [0, 0, 5, 1], "texture": "#3"},
				"up": {"uv": [0, 0, 5, 1], "rotation": 270, "texture": "#3"},
				"down": {"uv": [0, 0, 5, 1], "rotation": 90, "texture": "#3"}
			}
		},
		{
			"from": [10.4, 7.72, 7],
			"to": [10.88, 8.2, 9.4],
			"faces": {
				"north": {"uv": [0, 0, 1, 1], "texture": "#3"},
				"east": {"uv": [0, 0, 5, 1], "texture": "#3"},
				"south": {"uv": [0, 0, 1, 1], "texture": "#3"},
				"west": {"uv": [0, 0, 5, 1], "texture": "#3"},
				"up": {"uv": [0, 0, 5, 1], "rotation": 270, "texture": "#3"},
				"down": {"uv": [0, 0, 5, 1], "rotation": 90, "texture": "#3"}
			}
		}
	],
	"gui_light": "front",
	"display": {
		"thirdperson_righthand": {
			"rotation": [122, 0, 0],
			"translation": [0, -1.75, 1.5]
		},
		"thirdperson_lefthand": {
			"rotation": [66, 90, 27],
			"translation": [3, -1.25, 7.25]
		},
		"firstperson_righthand": {
			"translation": [2, 2.25, 0]
		},
		"firstperson_lefthand": {
			"rotation": [0, 65, 0],
			"translation": [4.25, 1.75, 0]
		},
		"ground": {
			"scale": [1, 1, 0.46]
		},
		"gui": {
			"translation": [0.5, 5, 0],
			"scale": [1.8, 1.8, 0]
		},
		"head": {
			"translation": [0, 16.25, 1]
		},
		"fixed": {
			"translation": [-0.5, 5, 0],
			"scale": [2, 2, 2]
		}
	}
}