{
	"credit": "Made with Blockbench",
	"parent": "item/handheld",
	"textures": {
		"layer0": "weapon:illager_king_axe_2"
	},
		"display": {
		  "thirdperson_righthand": {
			"rotation": [ 0, -90, 55 ],
			"translation": [ 0, 4.0, 0.5 ],
			"scale": [ 0.85, 1.009375, 0.85 ]
		  },
		  "thirdperson_lefthand": {
			"rotation": [ 0, 90, -55 ],
			"translation": [ 0, 4.0, 0.5 ],
			"scale": [ 0.85, 1.009375, 0.85 ]
		  },
		  "firstperson_righthand": {
			"rotation": [ 0, -90, 25 ],
			"translation": [ 1.13, 3.2, 1.13 ],
			"scale": [ 0.68, 0.8075, 0.68 ]
		  },
		  "firstperson_lefthand": {
			"rotation": [ 0, 90, -25 ],
			"translation": [ 1.13, 3.2, 1.13 ],
			"scale": [ 0.68, 0.8075, 0.68 ]
		  }
		}
}