{
	"credit": "Made with Blockbench",
	"textures": {
		"7": "minecraft:block/bamboo_stalk",
		"particle": "minecraft:block/bamboo_stalk"
	},
	"elements": [
		{
			"from": [7, 3, -16],
			"to": [10, 6, 32],
			"faces": {
				"north": {"uv": [13, 0, 16, 3], "texture": "#7"},
				"east": {"uv": [0, 0, 3, 16], "rotation": 90, "texture": "#7"},
				"south": {"uv": [13, 0, 16, 3], "texture": "#7"},
				"west": {"uv": [0, 0, 3, 16], "rotation": 270, "texture": "#7"},
				"up": {"uv": [0, 0, 3, 16], "texture": "#7"},
				"down": {"uv": [0, 0, 3, 16], "rotation": 180, "texture": "#7"}
			}
		},
		{
			"from": [6.5, 2.5, 17],
			"to": [10.5, 6.5, 20],
			"faces": {
				"north": {"uv": [13, 4, 16, 7], "texture": "#7"},
				"east": {"uv": [0, 6, 3, 8], "rotation": 270, "texture": "#7"},
				"south": {"uv": [13, 4, 16, 7], "texture": "#7"},
				"west": {"uv": [0, 6, 3, 8], "rotation": 90, "texture": "#7"},
				"up": {"uv": [0, 6, 3, 8], "rotation": 180, "texture": "#7"},
				"down": {"uv": [0, 6, 3, 8], "texture": "#7"}
			}
		},
		{
			"from": [6.5, 2.5, -4],
			"to": [10.5, 6.5, -1],
			"faces": {
				"north": {"uv": [13, 4, 16, 7], "texture": "#7"},
				"east": {"uv": [0, 6, 3, 8], "rotation": 270, "texture": "#7"},
				"south": {"uv": [13, 4, 16, 7], "texture": "#7"},
				"west": {"uv": [0, 6, 3, 8], "rotation": 90, "texture": "#7"},
				"up": {"uv": [0, 6, 3, 8], "rotation": 180, "texture": "#7"},
				"down": {"uv": [0, 6, 3, 8], "texture": "#7"}
			}
		}
	],
	"gui_light": "front",
	"display": {
		"thirdperson_righthand": {
			"rotation": [95, 0, 0],
			"translation": [0, 4.75, 3.25],
			"scale": [0.3, 0.3, 0.7]
		},
		"thirdperson_lefthand": {
			"rotation": [99, 61, 0],
			"translation": [0, 0, 1.75],
			"scale": [0.3, 0.3, 0.7]
		},
		"firstperson_righthand": {
			"rotation": [84, 15, 0],
			"translation": [6, 5.25, -2.5],
			"scale": [0.3, 0.2, 0.7]
		},
		"firstperson_lefthand": {
			"rotation": [85, 105, 0],
			"translation": [3.25, 0.5, 0],
			"scale": [0.5, 0.3, 1]
		},
		"ground": {
			"rotation": [42, 0, 0],
			"translation": [0, 4.25, 0],
			"scale": [0.3, 0.3, 0.5]
		},
		"gui": {
			"rotation": [90, -46, 3],
			"scale": [0.3, 0.3, 0.4]
		},
		"head": {
			"translation": [0, 14.25, 0],
			"scale": [0, 0, 0]
		},
		"fixed": {
			"rotation": [90, 90, 0],
			"scale": [0.7, 0.7, 1]
		}
	}
}