{
	"credit": "Made with Blockbench",
	"parent": "item/generated",
	"textures": {
		"layer0":"weapon:chainblade_main_2" ,
		"particle": "weapon:chainblade_main_2"
	},
	"display": {
		"thirdperson_righthand": {
			"rotation": [39.25, -90, 55],
			"translation": [-0.5, 2.5, 3.25],
			"scale": [0.85, 0.85, 0.85]
		},
		"thirdperson_lefthand": {
			"rotation": [0, 90, -55],
			"translation": [0, 4, 0.5],
			"scale": [0.85, 0.85, 0.85]
		},
		"firstperson_righthand": {
			"rotation": [0, -90, 25],
			"translation": [1.13, 3.2, 1.13],
			"scale": [0.68, 0.68, 0.68]
		},
		"firstperson_lefthand": {
			"rotation": [0, 90, -25],
			"translation": [1.13, 3.2, 1.13],
			"scale": [0.68, 0.68, 0.68]
		}
	}
}