{
	"credit": "Made with Blockbench",
	"textures": {
		"0": "block/iron_block",
		"1": "block/black_wool",
		"2": "block/texture",
		"particle": "block/iron_block"
	},
	"elements": [
		{
			"from": [6, 3, 3],
			"to": [8, 12, 15],
			"faces": {
				"north": {"uv": [0, 0, 2, 9], "texture": "#1"},
				"east": {"uv": [0, 0, 16, 16], "texture": "#1"},
				"south": {"uv": [0, 0, 2, 9], "texture": "#1"},
				"west": {"uv": [0, 0, 16, 16], "texture": "#1"},
				"up": {"uv": [0, 0, 16, 16], "rotation": 90, "texture": "#0"},
				"down": {"uv": [0, 0, 12, 2], "rotation": 270, "texture": "#2"}
			}
		},
		{
			"from": [7, 12, 3],
			"to": [8, 22, 5],
			"faces": {
				"north": {"uv": [0, 0, 1, 10], "texture": "#0"},
				"east": {"uv": [0, 0, 16, 16], "texture": "#0"},
				"south": {"uv": [0, 0, 1, 10], "texture": "#0"},
				"west": {"uv": [0, 0, 16, 16], "texture": "#0"},
				"up": {"uv": [1, 1, 15, 2], "rotation": 90, "texture": "#0"},
				"down": {"uv": [0, 0, 2, 1], "rotation": 270, "texture": "#missing"}
			}
		},
		{
			"from": [7, 12, 8],
			"to": [8, 22, 10],
			"faces": {
				"north": {"uv": [0, 0, 1, 10], "texture": "#0"},
				"east": {"uv": [0, 0, 16, 16], "texture": "#0"},
				"south": {"uv": [0, 0, 1, 10], "texture": "#0"},
				"west": {"uv": [0, 0, 16, 16], "texture": "#0"},
				"up": {"uv": [2, 1, 4, 2], "rotation": 90, "texture": "#0"},
				"down": {"uv": [0, 0, 2, 1], "rotation": 270, "texture": "#missing"}
			}
		},
		{
			"from": [7, 12, 13],
			"to": [8, 22, 15],
			"faces": {
				"north": {"uv": [0, 0, 1, 10], "texture": "#0"},
				"east": {"uv": [0, 0, 16, 16], "texture": "#0"},
				"south": {"uv": [0, 0, 1, 10], "texture": "#0"},
				"west": {"uv": [0, 0, 16, 16], "texture": "#0"},
				"up": {"uv": [2, 1, 4, 2], "rotation": 90, "texture": "#0"},
				"down": {"uv": [0, 0, 2, 1], "rotation": 270, "texture": "#missing"}
			}
		}
	],
	"display": {
		"thirdperson_righthand": {
			"rotation": [0, -90, 89.25],
			"translation": [0.25, 0.25, 0.5],
			"scale": [0.85, 0.59, 0.34]
		}
	}
}