{
	"credit": "Made with Blockbench",
	"parent": "item/handheld",
	"textures": {
		"layer0": "weapon:glaive"
	},
	"display": {
		"thirdperson_righthand": {
			"rotation": [48, 89, 0],
			"translation": [0.5, -1, 0.75],
			"scale": [1, 1.3, 1]
		},
		"thirdperson_lefthand": {
			"rotation": [-18, 80, -37],
			"translation": [0, -1, 1.25],
			"scale": [1.3, 1, 0.99]
		},
		"firstperson_righthand": {
			"rotation": [10, 90, 0],
			"translation": [2.75, 0.75, -0.75]
		},
		"firstperson_lefthand": {
			"rotation": [0, -108, 0],
			"translation": [2.25, -0.5, 0]
		}
	}
}