{
	"texture_size": [32, 32],
	"textures": {
		"0": "cm:item/shooter_frame",
		"2": "cm:item/blank",
		"4": "cm:item/shooter_tooth",
		"5": "block/sculk_shrieker_side",
		"6": "block/sculk_shrieker_can_summon_inner_top",
		"7": "block/sculk_shrieker_top",
		"particle": "cm:item/shooter_frame"
	},
	"elements": [
		{
			"from": [13, 1, 8],
			"to": [15, 5, 10],
			"rotation": {"angle": 0, "axis": "y", "origin": [0, 1, 0]},
			"faces": {
				"north": {"uv": [14, 11, 12, 15], "texture": "#0"},
				"east": {"uv": [13, 11, 14, 15], "texture": "#0"},
				"south": {"uv": [12, 11, 14, 15], "texture": "#0"},
				"west": {"uv": [12, 11, 13, 15], "texture": "#0"},
				"up": {"uv": [12, 11, 14, 12], "texture": "#0"},
				"down": {"uv": [12, 14, 14, 15], "texture": "#0"}
			}
		},
		{
			"from": [12, 2, 8],
			"to": [13, 8, 10],
			"rotation": {"angle": 0, "axis": "y", "origin": [0, 1, 0]},
			"faces": {
				"north": {"uv": [13, 9, 12, 15], "texture": "#0"},
				"east": {"uv": [12, 9, 13, 15], "texture": "#0"},
				"south": {"uv": [12, 9, 13, 15], "texture": "#0"},
				"west": {"uv": [12, 9, 13, 15], "texture": "#0"},
				"up": {"uv": [12, 9, 13, 10], "texture": "#0"},
				"down": {"uv": [12, 14, 13, 15], "texture": "#0"}
			}
		},
		{
			"from": [11, 3, 8],
			"to": [12, 9, 10],
			"rotation": {"angle": 0, "axis": "y", "origin": [0, 1, 0]},
			"faces": {
				"north": {"uv": [12, 8, 11, 14], "texture": "#0"},
				"east": {"uv": [11, 8, 12, 14], "texture": "#0"},
				"south": {"uv": [11, 8, 12, 14], "texture": "#0"},
				"west": {"uv": [11, 8, 12, 14], "texture": "#0"},
				"up": {"uv": [11, 8, 12, 9], "texture": "#0"},
				"down": {"uv": [11, 13, 12, 14], "texture": "#0"}
			}
		},
		{
			"from": [10, 4, 8],
			"to": [11, 10, 10],
			"rotation": {"angle": 0, "axis": "y", "origin": [0, 1, 0]},
			"faces": {
				"north": {"uv": [10, 6, 9, 12], "texture": "#0"},
				"east": {"uv": [9, 6, 10, 12], "texture": "#0"},
				"south": {"uv": [9, 6, 10, 12], "texture": "#0"},
				"west": {"uv": [0, 0, 1, 6], "texture": "#2"},
				"up": {"uv": [9, 6, 10, 7], "texture": "#0"},
				"down": {"uv": [9, 11, 10, 12], "texture": "#0"}
			}
		},
		{
			"from": [9, 4, 8],
			"to": [10, 11, 10],
			"rotation": {"angle": 0, "axis": "y", "origin": [0, 1, 0]},
			"faces": {
				"north": {"uv": [10, 6, 9, 13], "texture": "#0"},
				"east": {"uv": [9, 6, 10, 13], "texture": "#0"},
				"south": {"uv": [9, 6, 10, 13], "texture": "#0"},
				"west": {"uv": [9, 6, 10, 13], "texture": "#0"},
				"up": {"uv": [9, 6, 10, 7], "texture": "#0"},
				"down": {"uv": [9, 12, 10, 13], "texture": "#0"}
			}
		},
		{
			"from": [8, 5, 8],
			"to": [9, 9, 10],
			"rotation": {"angle": 0, "axis": "y", "origin": [0, 1, 0]},
			"faces": {
				"north": {"uv": [9, 8, 8, 12], "texture": "#0"},
				"east": {"uv": [0, 0, 1, 4], "texture": "#2"},
				"south": {"uv": [8, 8, 9, 12], "texture": "#0"},
				"west": {"uv": [8, 8, 9, 12], "texture": "#0"},
				"up": {"uv": [0, 0, 1, 1], "texture": "#0"},
				"down": {"uv": [8, 11, 9, 12], "texture": "#0"}
			}
		},
		{
			"from": [6, 12, 8],
			"to": [7, 14, 10],
			"rotation": {"angle": 0, "axis": "y", "origin": [0, 1, 0]},
			"faces": {
				"north": {"uv": [7, 3, 6, 5], "texture": "#0"},
				"east": {"uv": [0, 0, 1, 2], "texture": "#2"},
				"south": {"uv": [6, 3, 7, 5], "texture": "#0"},
				"west": {"uv": [6, 3, 7, 5], "texture": "#0"},
				"up": {"uv": [6, 3, 7, 4], "texture": "#0"},
				"down": {"uv": [0, 0, 1, 1], "texture": "#2"}
			}
		},
		{
			"from": [7, 12, 8],
			"to": [8, 14, 10],
			"rotation": {"angle": 0, "axis": "y", "origin": [0, 1, 0]},
			"faces": {
				"north": {"uv": [8, 3, 7, 5], "texture": "#0"},
				"east": {"uv": [7, 3, 8, 5], "texture": "#0"},
				"south": {"uv": [7, 3, 8, 5], "texture": "#0"},
				"west": {"uv": [0, 0, 1, 2], "texture": "#2"},
				"up": {"uv": [7, 3, 8, 4], "texture": "#0"},
				"down": {"uv": [0, 0, 1, 1], "texture": "#2"}
			}
		},
		{
			"from": [3, 9, 8],
			"to": [4, 11, 10],
			"rotation": {"angle": 0, "axis": "y", "origin": [0, 1, 0]},
			"faces": {
				"north": {"uv": [4, 6, 3, 8], "texture": "#0"},
				"east": {"uv": [0, 0, 1, 2], "texture": "#2"},
				"south": {"uv": [3, 6, 4, 8], "texture": "#0"},
				"west": {"uv": [3, 6, 4, 8], "texture": "#0"},
				"up": {"uv": [3, 6, 4, 7], "texture": "#0"},
				"down": {"uv": [3, 7, 4, 8], "texture": "#0"}
			}
		},
		{
			"from": [16, 1, 8],
			"to": [17, 3, 10],
			"rotation": {"angle": 0, "axis": "y", "origin": [0, 1, 0]},
			"faces": {
				"north": {"uv": [16, 13, 15, 15], "texture": "#0"},
				"east": {"uv": [15, 13, 16, 15], "texture": "#0"},
				"south": {"uv": [15, 13, 16, 15], "texture": "#0"},
				"west": {"uv": [0, 0, 1, 2], "texture": "#2"},
				"up": {"uv": [15, 13, 16, 14], "texture": "#0"},
				"down": {"uv": [15, 14, 16, 15], "texture": "#0"}
			}
		},
		{
			"from": [15, 0, 8],
			"to": [16, 4, 10],
			"rotation": {"angle": 0, "axis": "y", "origin": [0, 1, 0]},
			"faces": {
				"north": {"uv": [15, 12, 14, 16], "texture": "#0"},
				"east": {"uv": [14, 12, 15, 16], "texture": "#0"},
				"south": {"uv": [14, 12, 15, 16], "texture": "#0"},
				"west": {"uv": [0, 0, 1, 2], "texture": "#2"},
				"up": {"uv": [14, 12, 15, 13], "texture": "#0"},
				"down": {"uv": [14, 15, 15, 16], "texture": "#0"}
			}
		},
		{
			"from": [5, 9, 8],
			"to": [9, 12, 10],
			"rotation": {"angle": 0, "axis": "y", "origin": [0, 1, 0]},
			"faces": {
				"north": {"uv": [9, 5, 5, 8], "texture": "#0"},
				"east": {"uv": [8, 5, 9, 8], "texture": "#0"},
				"south": {"uv": [5, 5, 9, 8], "texture": "#0"},
				"west": {"uv": [5, 5, 6, 8], "texture": "#0"},
				"up": {"uv": [5, 5, 9, 6], "texture": "#0"},
				"down": {"uv": [5, 7, 9, 8], "texture": "#0"}
			}
		},
		{
			"from": [6, 7, 8],
			"to": [8, 9, 10],
			"rotation": {"angle": 0, "axis": "y", "origin": [0, 1, 0]},
			"faces": {
				"north": {"uv": [8, 8, 6, 10], "texture": "#0"},
				"east": {"uv": [0, 0, 1, 2], "texture": "#2"},
				"south": {"uv": [6, 8, 8, 10], "texture": "#0"},
				"west": {"uv": [6, 8, 7, 10], "texture": "#0"},
				"up": {"uv": [0, 0, 2, 1], "texture": "#0"},
				"down": {"uv": [6, 9, 8, 10], "texture": "#0"}
			}
		},
		{
			"from": [7, 6, 8],
			"to": [8, 7, 10],
			"rotation": {"angle": 0, "axis": "y", "origin": [0, 1, 0]},
			"faces": {
				"north": {"uv": [8, 10, 7, 11], "texture": "#0"},
				"east": {"uv": [0, 0, 1, 1], "texture": "#2"},
				"south": {"uv": [7, 10, 8, 11], "texture": "#0"},
				"west": {"uv": [7, 10, 8, 11], "texture": "#0"},
				"up": {"uv": [0, 0, 1, 1], "texture": "#0"},
				"down": {"uv": [7, 10, 8, 11], "texture": "#0"}
			}
		},
		{
			"from": [5, 8, 8],
			"to": [6, 9, 10],
			"rotation": {"angle": 0, "axis": "y", "origin": [0, 1, 0]},
			"faces": {
				"north": {"uv": [6, 8, 5, 9], "texture": "#0"},
				"east": {"uv": [0, 0, 1, 1], "texture": "#2"},
				"south": {"uv": [5, 8, 6, 9], "texture": "#0"},
				"west": {"uv": [5, 8, 6, 9], "texture": "#0"},
				"up": {"uv": [0, 0, 1, 1], "texture": "#0"},
				"down": {"uv": [5, 8, 6, 9], "texture": "#0"}
			}
		},
		{
			"from": [14, 0, 8],
			"to": [15, 1, 10],
			"rotation": {"angle": 0, "axis": "y", "origin": [0, 1, 0]},
			"faces": {
				"north": {"uv": [14, 15, 13, 16], "texture": "#0"},
				"east": {"uv": [0, 0, 1, 1], "texture": "#2"},
				"south": {"uv": [13, 15, 14, 16], "texture": "#0"},
				"west": {"uv": [13, 15, 14, 16], "texture": "#0"},
				"up": {"uv": [13, 15, 14, 16], "texture": "#0"},
				"down": {"uv": [13, 15, 14, 16], "texture": "#0"}
			}
		},
		{
			"from": [10, 3, 8],
			"to": [11, 4, 10],
			"rotation": {"angle": 0, "axis": "y", "origin": [0, 1, 0]},
			"faces": {
				"north": {"uv": [14, 15, 13, 16], "texture": "#0"},
				"east": {"uv": [0, 0, 1, 1], "texture": "#2"},
				"south": {"uv": [13, 15, 14, 16], "texture": "#0"},
				"west": {"uv": [13, 15, 14, 16], "texture": "#0"},
				"up": {"uv": [13, 15, 14, 16], "texture": "#0"},
				"down": {"uv": [13, 15, 14, 16], "texture": "#0"}
			}
		},
		{
			"from": [13, 5, 8],
			"to": [14, 7, 10],
			"rotation": {"angle": 0, "axis": "y", "origin": [0, 1, 0]},
			"faces": {
				"north": {"uv": [14, 11, 13, 12], "texture": "#0"},
				"east": {"uv": [13, 11, 14, 12], "texture": "#0"},
				"south": {"uv": [13, 11, 14, 12], "texture": "#0"},
				"west": {"uv": [0, 0, 1, 1], "texture": "#2"},
				"up": {"uv": [13, 11, 14, 12], "texture": "#0"},
				"down": {"uv": [0, 0, 1, 1], "texture": "#2"}
			}
		},
		{
			"from": [5, 12, 8],
			"to": [6, 13, 10],
			"rotation": {"angle": 0, "axis": "y", "origin": [0, 1, 0]},
			"faces": {
				"north": {"uv": [6, 4, 5, 5], "texture": "#0"},
				"east": {"uv": [0, 0, 1, 1], "texture": "#2"},
				"south": {"uv": [5, 4, 6, 5], "texture": "#0"},
				"west": {"uv": [5, 4, 6, 5], "texture": "#2"},
				"up": {"uv": [5, 4, 6, 5], "texture": "#0"},
				"down": {"uv": [0, 0, 2, 1], "texture": "#2"}
			}
		},
		{
			"from": [4, 11, 8],
			"to": [5, 12, 10],
			"rotation": {"angle": 0, "axis": "y", "origin": [0, 1, 0]},
			"faces": {
				"north": {"uv": [6, 4, 5, 5], "texture": "#0"},
				"east": {"uv": [0, 0, 1, 1], "texture": "#2"},
				"south": {"uv": [5, 4, 6, 5], "texture": "#0"},
				"west": {"uv": [5, 4, 6, 5], "texture": "#0"},
				"up": {"uv": [5, 4, 6, 5], "texture": "#2"},
				"down": {"uv": [0, 0, 2, 1], "texture": "#2"}
			}
		},
		{
			"from": [4, 9, 8],
			"to": [5, 11, 10],
			"rotation": {"angle": 0, "axis": "y", "origin": [0, 1, 0]},
			"faces": {
				"north": {"uv": [5, 6, 4, 8], "texture": "#0"},
				"east": {"uv": [0, 0, 1, 1], "texture": "#2"},
				"south": {"uv": [4, 6, 5, 8], "texture": "#0"},
				"west": {"uv": [5, 4, 6, 5], "texture": "#0"},
				"up": {"uv": [5, 4, 6, 5], "texture": "#0"},
				"down": {"uv": [4, 7, 5, 8], "texture": "#0"}
			}
		},
		{
			"from": [1, 6, 9],
			"to": [4, 9, 9],
			"rotation": {"angle": 0, "axis": "y", "origin": [0, 1, 0]},
			"faces": {
				"north": {"uv": [4, 8, 1, 11], "texture": "#0"},
				"east": {"uv": [0, 0, 0, 3], "texture": "#missing"},
				"south": {"uv": [1, 8, 4, 11], "texture": "#0"},
				"west": {"uv": [0, 0, 0, 3], "texture": "#missing"},
				"up": {"uv": [0, 0, 3, 0], "texture": "#missing"},
				"down": {"uv": [0, 0, 3, 0], "texture": "#missing"}
			}
		},
		{
			"from": [2, 9, 9],
			"to": [3, 11, 9],
			"rotation": {"angle": 0, "axis": "y", "origin": [0, 1, 0]},
			"faces": {
				"north": {"uv": [3, 6, 2, 8], "texture": "#0"},
				"east": {"uv": [0, 0, 0, 2], "texture": "#missing"},
				"south": {"uv": [2, 6, 3, 8], "texture": "#0"},
				"west": {"uv": [0, 0, 0, 2], "texture": "#missing"},
				"up": {"uv": [0, 0, 1, 0], "texture": "#missing"},
				"down": {"uv": [0, 0, 1, 0], "texture": "#missing"}
			}
		},
		{
			"from": [2, 5, 9],
			"to": [4, 6, 9],
			"rotation": {"angle": 0, "axis": "y", "origin": [0, 1, 0]},
			"faces": {
				"north": {"uv": [4, 11, 2, 12], "texture": "#0"},
				"east": {"uv": [0, 0, 0, 1], "texture": "#missing"},
				"south": {"uv": [2, 11, 4, 12], "texture": "#0"},
				"west": {"uv": [0, 0, 0, 1], "texture": "#missing"},
				"up": {"uv": [0, 0, 2, 0], "texture": "#missing"},
				"down": {"uv": [0, 0, 2, 0], "texture": "#missing"}
			}
		},
		{
			"from": [3, 4, 9],
			"to": [4, 5, 9],
			"rotation": {"angle": 0, "axis": "y", "origin": [0, 1, 0]},
			"faces": {
				"north": {"uv": [4, 12, 3, 13], "texture": "#0"},
				"east": {"uv": [0, 0, 0, 1], "texture": "#missing"},
				"south": {"uv": [3, 12, 4, 13], "texture": "#0"},
				"west": {"uv": [0, 0, 0, 1], "texture": "#missing"},
				"up": {"uv": [0, 0, 1, 0], "texture": "#missing"},
				"down": {"uv": [0, 0, 1, 0], "texture": "#missing"}
			}
		},
		{
			"from": [10, 3, 9],
			"to": [11, 4, 9],
			"rotation": {"angle": 0, "axis": "y", "origin": [0, 1, 0]},
			"faces": {
				"north": {"uv": [11, 13, 10, 14], "texture": "#0"},
				"east": {"uv": [0, 0, 0, 1], "texture": "#missing"},
				"south": {"uv": [10, 13, 11, 14], "texture": "#0"},
				"west": {"uv": [0, 0, 0, 1], "texture": "#missing"},
				"up": {"uv": [0, 0, 1, 0], "texture": "#missing"},
				"down": {"uv": [0, 0, 1, 0], "texture": "#missing"}
			}
		},
		{
			"from": [4, 3, 9],
			"to": [5, 7, 9],
			"rotation": {"angle": 0, "axis": "y", "origin": [0, 1, 0]},
			"faces": {
				"north": {"uv": [5, 10, 4, 14], "texture": "#0"},
				"east": {"uv": [0, 0, 0, 4], "texture": "#missing"},
				"south": {"uv": [4, 10, 5, 14], "texture": "#0"},
				"west": {"uv": [0, 0, 0, 4], "texture": "#missing"},
				"up": {"uv": [0, 0, 1, 0], "texture": "#missing"},
				"down": {"uv": [0, 0, 1, 0], "texture": "#missing"}
			}
		},
		{
			"from": [5, 2, 9],
			"to": [9, 5, 9],
			"rotation": {"angle": 0, "axis": "y", "origin": [0, 1, 0]},
			"faces": {
				"north": {"uv": [9, 12, 5, 15], "texture": "#0"},
				"east": {"uv": [0, 0, 0, 3], "texture": "#missing"},
				"south": {"uv": [5, 12, 9, 15], "texture": "#0"},
				"west": {"uv": [0, 0, 0, 3], "texture": "#missing"},
				"up": {"uv": [0, 0, 4, 0], "texture": "#missing"},
				"down": {"uv": [0, 0, 4, 0], "texture": "#missing"}
			}
		},
		{
			"from": [9, 2, 9],
			"to": [10, 4, 9],
			"rotation": {"angle": 0, "axis": "y", "origin": [0, 1, 0]},
			"faces": {
				"north": {"uv": [10, 13, 9, 15], "texture": "#0"},
				"east": {"uv": [0, 0, 0, 2], "texture": "#missing"},
				"south": {"uv": [9, 13, 10, 15], "texture": "#0"},
				"west": {"uv": [0, 0, 0, 2], "texture": "#missing"},
				"up": {"uv": [0, 0, 1, 0], "texture": "#missing"},
				"down": {"uv": [0, 0, 1, 0], "texture": "#missing"}
			}
		},
		{
			"from": [6, 14, 9],
			"to": [12, 15, 9],
			"rotation": {"angle": 0, "axis": "y", "origin": [0, 1, 0]},
			"faces": {
				"north": {"uv": [12, 2, 6, 3], "texture": "#0"},
				"east": {"uv": [0, 0, 0, 1], "texture": "#missing"},
				"south": {"uv": [6, 2, 12, 3], "texture": "#0"},
				"west": {"uv": [0, 0, 0, 1], "texture": "#missing"},
				"up": {"uv": [0, 0, 6, 0], "texture": "#missing"},
				"down": {"uv": [0, 0, 6, 0], "texture": "#missing"}
			}
		},
		{
			"from": [7, 15, 9],
			"to": [10, 16, 9],
			"rotation": {"angle": 0, "axis": "y", "origin": [0, 1, 0]},
			"faces": {
				"north": {"uv": [10, 1, 7, 2], "texture": "#0"},
				"east": {"uv": [0, 0, 0, 1], "texture": "#missing"},
				"south": {"uv": [7, 1, 10, 2], "texture": "#0"},
				"west": {"uv": [0, 0, 0, 1], "texture": "#missing"},
				"up": {"uv": [0, 0, 2, 0], "texture": "#missing"},
				"down": {"uv": [0, 0, 2, 0], "texture": "#missing"}
			}
		},
		{
			"from": [8, 13, 9],
			"to": [13, 14, 9],
			"rotation": {"angle": 0, "axis": "y", "origin": [0, 1, 0]},
			"faces": {
				"north": {"uv": [13, 3, 8, 4], "texture": "#0"},
				"east": {"uv": [0, 0, 0, 1], "texture": "#missing"},
				"south": {"uv": [8, 3, 13, 4], "texture": "#0"},
				"west": {"uv": [0, 0, 0, 1], "texture": "#missing"},
				"up": {"uv": [0, 0, 5, 0], "texture": "#missing"},
				"down": {"uv": [0, 0, 5, 0], "texture": "#missing"}
			}
		},
		{
			"from": [13, 7, 9],
			"to": [15, 8, 9],
			"rotation": {"angle": 0, "axis": "y", "origin": [0, 1, 0]},
			"faces": {
				"north": {"uv": [15, 9, 13, 10], "texture": "#0"},
				"east": {"uv": [0, 0, 0, 1], "texture": "#missing"},
				"south": {"uv": [13, 9, 15, 10], "texture": "#0"},
				"west": {"uv": [0, 0, 0, 1], "texture": "#missing"},
				"up": {"uv": [0, 0, 2, 0], "texture": "#missing"},
				"down": {"uv": [0, 0, 2, 0], "texture": "#missing"}
			}
		},
		{
			"from": [13, 6, 9],
			"to": [14, 7, 9],
			"rotation": {"angle": 0, "axis": "y", "origin": [0, 1, 0]},
			"faces": {
				"north": {"uv": [14, 10, 13, 11], "texture": "#0"},
				"east": {"uv": [0, 0, 0, 1], "texture": "#missing"},
				"south": {"uv": [13, 10, 14, 11], "texture": "#0"},
				"west": {"uv": [0, 0, 0, 1], "texture": "#missing"},
				"up": {"uv": [0, 0, 1, 0], "texture": "#missing"},
				"down": {"uv": [0, 0, 1, 0], "texture": "#missing"}
			}
		},
		{
			"from": [10, 12, 9],
			"to": [14, 13, 9],
			"rotation": {"angle": 0, "axis": "y", "origin": [0, 1, 0]},
			"faces": {
				"north": {"uv": [14, 4, 10, 5], "texture": "#0"},
				"east": {"uv": [0, 0, 0, 1], "texture": "#missing"},
				"south": {"uv": [10, 4, 14, 5], "texture": "#0"},
				"west": {"uv": [0, 0, 0, 1], "texture": "#missing"},
				"up": {"uv": [0, 0, 4, 0], "texture": "#missing"},
				"down": {"uv": [0, 0, 4, 0], "texture": "#missing"}
			}
		},
		{
			"from": [1, 9, 9],
			"to": [2, 10, 9],
			"rotation": {"angle": 0, "axis": "y", "origin": [0, 1, 0]},
			"faces": {
				"north": {"uv": [2, 7, 1, 8], "texture": "#0"},
				"east": {"uv": [0, 0, 0, 1], "texture": "#missing"},
				"south": {"uv": [1, 7, 2, 8], "texture": "#0"},
				"west": {"uv": [0, 0, 0, 1], "texture": "#missing"},
				"up": {"uv": [0, 0, 1, 0], "texture": "#missing"},
				"down": {"uv": [0, 0, 1, 0], "texture": "#missing"}
			}
		},
		{
			"from": [12, 8, 9],
			"to": [15, 12, 9],
			"rotation": {"angle": 0, "axis": "y", "origin": [0, 1, 0]},
			"faces": {
				"north": {"uv": [15, 5, 12, 9], "texture": "#0"},
				"east": {"uv": [0, 0, 0, 4], "texture": "#missing"},
				"south": {"uv": [12, 5, 15, 9], "texture": "#0"},
				"west": {"uv": [0, 0, 0, 4], "texture": "#missing"},
				"up": {"uv": [0, 0, 3, 0], "texture": "#missing"},
				"down": {"uv": [0, 0, 3, 0], "texture": "#missing"}
			}
		},
		{
			"from": [3.9, 13, 8],
			"to": [3.9, 15, 10],
			"rotation": {"angle": -45, "axis": "z", "origin": [2.5, 12.5, 1]},
			"faces": {
				"north": {"uv": [0, 0, 0, 2], "texture": "#missing"},
				"east": {"uv": [0, 0, 16, 16], "texture": "#6"},
				"south": {"uv": [0, 0, 0, 2], "texture": "#missing"},
				"west": {"uv": [0, 0, 16, 16], "texture": "#6"},
				"up": {"uv": [0, 0, 0, 2], "texture": "#missing"},
				"down": {"uv": [0, 0, 0, 2], "texture": "#missing"}
			}
		},
		{
			"name": "top_slab",
			"from": [5.25, 14.75, 8],
			"to": [7.25, 15.75, 10],
			"rotation": {"angle": 45, "axis": "z", "origin": [8, 11.5, 8]},
			"faces": {
				"north": {"uv": [1, 1, 15, 8], "texture": "#5"},
				"east": {"uv": [1, 1, 15, 8], "texture": "#5"},
				"south": {"uv": [1, 1, 15, 8], "texture": "#5"},
				"west": {"uv": [1, 1, 15, 8], "texture": "#5"},
				"up": {"uv": [1, 1, 15, 15], "texture": "#7"},
				"down": {"uv": [0, 0, 1, 1], "texture": "#5"}
			}
		},
		{
			"name": "west",
			"from": [5.25, 14.75, 8],
			"to": [5.25, 15.75, 10],
			"rotation": {"angle": 45, "axis": "z", "origin": [8, 11.5, 8]},
			"faces": {
				"north": {"uv": [0, 0, 1, 1], "texture": "#5"},
				"east": {"uv": [1, 1, 15, 8], "texture": "#5"},
				"south": {"uv": [0, 0, 1, 1], "texture": "#5"},
				"west": {"uv": [0, 0, 1, 1], "texture": "#5"},
				"up": {"uv": [0, 0, 1, 1], "texture": "#7"},
				"down": {"uv": [0, 0, 0, 0], "texture": "#5"}
			}
		},
		{
			"name": "east",
			"from": [7.25, 14.75, 8],
			"to": [7.25, 15.75, 10],
			"rotation": {"angle": 45, "axis": "z", "origin": [8, 11.5, 8]},
			"faces": {
				"north": {"uv": [0, 0, 1, 1], "texture": "#5"},
				"east": {"uv": [0, 0, 1, 1], "texture": "#5"},
				"south": {"uv": [0, 0, 1, 1], "texture": "#5"},
				"west": {"uv": [1, 1, 15, 8], "texture": "#5"},
				"up": {"uv": [0, 0, 0, 0], "texture": "#7"},
				"down": {"uv": [0, 0, 0, 0], "texture": "#5"}
			}
		},
		{
			"name": "south",
			"from": [5.25, 14.75, 9.98],
			"to": [7.25, 15.75, 9.98],
			"rotation": {"angle": 45, "axis": "z", "origin": [8, 11.5, 8]},
			"faces": {
				"north": {"uv": [1, 1, 15, 8], "texture": "#5"},
				"east": {"uv": [0, 0, 1, 1], "texture": "#5"},
				"south": {"uv": [0, 0, 1, 1], "texture": "#5"},
				"west": {"uv": [0, 0, 1, 1], "texture": "#5"},
				"up": {"uv": [0, 0, 0, 0], "texture": "#7"},
				"down": {"uv": [0, 0, 0, 0], "texture": "#5"}
			}
		},
		{
			"name": "north",
			"from": [5.25, 14.75, 8.02],
			"to": [7.25, 15.75, 8.02],
			"rotation": {"angle": 45, "axis": "z", "origin": [8, 11.5, 8]},
			"faces": {
				"north": {"uv": [0, 0, 1, 1], "texture": "#5"},
				"east": {"uv": [0, 0, 1, 1], "texture": "#5"},
				"south": {"uv": [1, 1, 15, 8], "texture": "#5"},
				"west": {"uv": [0, 0, 1, 1], "texture": "#5"},
				"up": {"uv": [0, 0, 0, 0], "texture": "#7"},
				"down": {"uv": [0, 0, 0, 0], "texture": "#5"}
			}
		},
		{
			"name": "top_slab",
			"from": [3.11091, 11.41421, 8.005],
			"to": [5.10091, 12.41421, 9.995],
			"rotation": {"angle": 45, "axis": "z", "origin": [4.11091, 12.91421, 9]},
			"faces": {
				"north": {"uv": [1, 1, 15, 8], "rotation": 180, "texture": "#5"},
				"east": {"uv": [1, 1, 15, 8], "rotation": 180, "texture": "#5"},
				"south": {"uv": [1, 1, 15, 8], "rotation": 180, "texture": "#5"},
				"west": {"uv": [1, 1, 15, 8], "rotation": 180, "texture": "#5"},
				"up": {"uv": [0, 0, 1, 1], "texture": "#5"},
				"down": {"uv": [1, 1, 15, 15], "rotation": 180, "texture": "#7"}
			}
		},
		{
			"from": [-1, 9.5, 7],
			"to": [7, 15.5, 11],
			"rotation": {"angle": -45, "axis": "z", "origin": [5.5, 14.5, 5.5]},
			"faces": {
				"north": {"uv": [0, 0, 8, 6], "texture": "#4"},
				"east": {"uv": [0, 10, 4, 16], "texture": "#4"},
				"south": {"uv": [8, 0, 16, 6], "texture": "#4"},
				"west": {"uv": [4, 10, 8, 16], "texture": "#4"},
				"up": {"uv": [16, 16, 8, 12], "texture": "#4"},
				"down": {"uv": [8, 8, 16, 12], "texture": "#4"}
			}
		},
		{
			"from": [-1, 9.5, 7],
			"to": [7, 9.5, 11],
			"rotation": {"angle": -45, "axis": "z", "origin": [5.5, 14.5, 5.5]},
			"faces": {
				"north": {"uv": [0, 0, 8, 6], "texture": "#4"},
				"east": {"uv": [0, 10, 4, 16], "texture": "#4"},
				"south": {"uv": [8, 0, 16, 6], "texture": "#4"},
				"west": {"uv": [4, 10, 8, 16], "texture": "#4"},
				"up": {"uv": [16, 16, 8, 12], "texture": "#4"},
				"down": {"uv": [8, 8, 16, 12], "texture": "#4"}
			}
		},
		{
			"from": [-1, 15.5, 7],
			"to": [7, 15.5, 11],
			"rotation": {"angle": -45, "axis": "z", "origin": [5.5, 14.5, 5.5]},
			"faces": {
				"north": {"uv": [0, 0, 8, 6], "texture": "#4"},
				"east": {"uv": [0, 10, 4, 16], "texture": "#4"},
				"south": {"uv": [8, 0, 16, 6], "texture": "#4"},
				"west": {"uv": [4, 10, 8, 16], "texture": "#4"},
				"up": {"uv": [16, 16, 8, 12], "texture": "#4"},
				"down": {"uv": [8, 8, 16, 12], "texture": "#4"}
			}
		},
		{
			"from": [-1, 9.5, 7],
			"to": [7, 15.5, 7],
			"rotation": {"angle": -45, "axis": "z", "origin": [5.5, 14.5, 5.5]},
			"faces": {
				"north": {"uv": [0, 0, 8, 6], "texture": "#4"},
				"east": {"uv": [0, 10, 4, 16], "texture": "#4"},
				"south": {"uv": [8, 0, 16, 6], "texture": "#4"},
				"west": {"uv": [4, 10, 8, 16], "texture": "#4"},
				"up": {"uv": [16, 16, 8, 12], "texture": "#4"},
				"down": {"uv": [8, 8, 16, 12], "texture": "#4"}
			}
		},
		{
			"from": [-1, 9.5, 11],
			"to": [7, 15.5, 11],
			"rotation": {"angle": -45, "axis": "z", "origin": [5.5, 14.5, 5.5]},
			"faces": {
				"north": {"uv": [0, 0, 8, 6], "texture": "#4"},
				"east": {"uv": [0, 10, 4, 16], "texture": "#4"},
				"south": {"uv": [8, 0, 16, 6], "texture": "#4"},
				"west": {"uv": [4, 10, 8, 16], "texture": "#4"},
				"up": {"uv": [16, 16, 8, 12], "texture": "#4"},
				"down": {"uv": [8, 8, 16, 12], "texture": "#4"}
			}
		},
		{
			"from": [7, 9.5, 7],
			"to": [7, 15.5, 11],
			"rotation": {"angle": -45, "axis": "z", "origin": [5.5, 14.5, 5.5]},
			"faces": {
				"north": {"uv": [0, 0, 8, 6], "texture": "#4"},
				"east": {"uv": [0, 10, 4, 16], "texture": "#4"},
				"south": {"uv": [8, 0, 16, 6], "texture": "#4"},
				"west": {"uv": [0, 10, 4, 16], "texture": "#4"},
				"up": {"uv": [16, 16, 8, 12], "texture": "#4"},
				"down": {"uv": [8, 8, 16, 12], "texture": "#4"}
			}
		}
	],
	"gui_light": "front",
	"display": {
		"thirdperson_righthand": {
			"rotation": [-90, 0, -60],
			"translation": [2, 0.1, -3],
			"scale": [0.8, 0.8, 0.8]
		},
		"thirdperson_lefthand": {
			"rotation": [-90, 0, 45],
			"translation": [2, 0.1, -3],
			"scale": [0.8, 0.8, 0.8]
		},
		"firstperson_righthand": {
			"rotation": [-90, 0, -55],
			"translation": [1.13, 3.2, 1.13],
			"scale": [0.68, 0.68, 0.68]
		},
		"firstperson_lefthand": {
			"rotation": [-90, 0, 35],
			"translation": [1.13, 3.2, 1.13],
			"scale": [0.68, 0.68, 0.68]
		},
		"ground": {
			"translation": [0, 2, 0],
			"scale": [0.7, 0.7, 0.7]
		},
		"gui": {
			"translation": [-0.5, -0.75, 0],
			"scale": [0.9, 0.9, 1]
		},
		"fixed": {
			"translation": [0, 0, -2.25]
		}
	},
	"groups": [
		{
			"name": "body",
			"origin": [0, 0, 0],
			"color": 0,
			"nbt": "{}",
			"armAnimationEnabled": false,
			"children": [0, 1, 2, 3, 4, 5, 6, 7, 8, 9, 10, 11, 12, 13, 14, 15, 16, 17, 18, 19, 20]
		},
		{
			"name": "wings",
			"origin": [0, 0, 0],
			"color": 0,
			"nbt": "{}",
			"armAnimationEnabled": false,
			"children": [21, 22, 23, 24, 25, 26, 27, 28, 29, 30, 31, 32, 33, 34, 35, 36]
		},
		37,
		{
			"name": "group",
			"origin": [0, 0, 0],
			"color": 0,
			"nbt": "{}",
			"armAnimationEnabled": false,
			"children": [38, 39, 40, 41, 42]
		},
		{
			"name": "group",
			"origin": [0, 0, 0],
			"color": 0,
			"nbt": "{}",
			"armAnimationEnabled": false,
			"children": [43]
		},
		{
			"name": "group",
			"origin": [5.5, 14.5, 5.5],
			"color": 0,
			"nbt": "{}",
			"armAnimationEnabled": false,
			"children": [44, 45, 46, 47, 48, 49]
		}
	]
}