{
	"credit": "Made with Blockbench",
	"textures": {
		"0": "machine:displayer_end",
		"1": "machine:displayer_front",
		"2": "machine:displayer_side",
		"3": "machine:displayer_top",
		"particle": "machine:displayer_end"
	},
	"elements": [
		{
			"from": [0, 0, 0],
			"to": [16, 16, 16],
			"faces": {
				"north": {"uv": [0, 0, 16, 16], "texture": "#1"},
				"east": {"uv": [0, 0, 16, 16], "texture": "#2"},
				"south": {"uv": [0, 0, 16, 16], "texture": "#2"},
				"west": {"uv": [0, 0, 16, 16], "texture": "#2"},
				"up": {"uv": [0, 0, 16, 16], "texture": "#3"},
				"down": {"uv": [0, 0, 16, 16], "texture": "#0"}
			}
		}
	]
}